Variable,Outlier Count,Outlier Percentage,Lower Bound,Upper Bound
impressions,0,0.0,-88335.375,293753.625
clicks,42,2.3333333333333335,-4247.0,11553.0
CTR,12,0.6666666666666667,-0.011199999999999995,0.08639999999999999
CPC,7,0.3888888888888889,-0.7,3.6999999999999997
ad_spend,90,5.0,-7767.276250000001,18189.69375
conversions,85,4.722222222222222,-230.875,542.125
CPA,140,7.777777777777778,-34.7125,111.72749999999999
revenue,127,7.055555555555555,-40255.683750000004,86494.82625000001
ROAS,123,6.833333333333333,-6.893750000000001,17.27625
