interest,Records,Impressions,Clicks,Spend,Total_Conversion,Approved_Conversion,CTR_%,Approved Conversion Rate %,CPC,Cost per Approved
10,85,17989844,3317,5086.379995233,269,91,0.018438181009240547,2.7434428700633102,1.5334277947642447,55.8942856619011
100,6,2023690,395,574.309992058,38,9,0.01951879981617738,2.278481012658228,1.4539493469822786,63.81222133977778
101,7,2960453,524,757.68999773,71,25,0.017699993886070815,4.770992366412214,1.4459732781106869,30.307599909199997
102,7,1160953,150,215.069999107,14,7,0.012920419689685974,4.666666666666667,1.4337999940466666,30.724285586714284
103,5,1921053,333,479.13000465,21,5,0.01733424325096705,1.5015015015015014,1.4388288427927927,95.82600092999999
104,5,1412110,265,387.91999924000004,43,8,0.018766243422962802,3.018867924528302,1.4638490537358493,48.489999905000005
105,7,2656351,453,647.79999262,32,6,0.017053469213970593,1.3245033112582782,1.4300220587637968,107.96666543666667
106,5,1592431,332,482.15000431000004,20,5,0.020848627036273472,1.5060240963855422,1.4522590491265062,96.43000086200001
107,8,4482111,639,923.17999302,65,20,0.01425667503549109,3.1298904538341157,1.4447261236619717,46.158999651
108,7,2763404,402,586.2000036000001,35,7,0.014547275751211189,1.7412935323383085,1.4582089641791047,83.74285765714286
109,6,2980365,572,815.82000146,38,8,0.019192280140184172,1.3986013986013985,1.4262587438111887,101.9775001825
110,8,2434719,365,521.35000483,36,9,0.014991463080544408,2.4657534246575343,1.4283561776164384,57.927778314444446
111,6,1490896,260,370.64999778,30,10,0.017439177514729398,3.8461538461538463,1.4255769145384614,37.064999778
112,7,2324572,339,483.79999892499995,53,15,0.014583329748444016,4.424778761061947,1.427138639896755,32.25333326166666
113,6,1830565,233,342.830000261,25,7,0.012728310658184768,3.004291845493562,1.4713733916781115,48.975714323
114,5,1066164,191,282.619998098,12,4,0.017914692298745784,2.094240837696335,1.4796858539162303,70.6549995245
15,51,10745856,1609,2597.259995234,195,63,0.014973213860301125,3.9154754505904292,1.614207579387197,41.226349130698416
16,140,31809524,5144,8084.909989546,411,141,0.016171257388196063,2.7410575427682735,1.5717165609537325,57.33978715990071
18,43,8646488,1524,2425.070001347,85,33,0.017625653328842878,2.1653543307086616,1.5912532817237532,73.48696973778787
19,32,6083217,1188,1940.359992608,97,33,0.019529140584661042,2.7777777777777777,1.6332996570774412,58.79878765478788
2,25,1727646,311,503.45000469400003,40,19,0.018001372966452617,6.109324758842444,1.6188103044823152,26.497368668105263
20,49,6899907,1234,1960.770000597,129,47,0.01788429902026216,3.8087520259319287,1.58895461960859,41.718510651
21,36,2833321,512,824.20999891,70,27,0.018070666895844134,5.2734375,1.6097851541210937,30.526296255925924
22,33,3965401,717,1039.859997802,50,12,0.018081399586069608,1.6736401673640167,1.4502928839637377,86.65499981683332
23,23,1836368,375,595.6500009189999,29,7,0.02042074355466878,1.866666666666667,1.5884000024506664,85.09285727414284
24,24,2256874,419,670.059998901,40,15,0.0185655025491011,3.579952267303103,1.5991885415298328,44.6706665934
25,26,5251719,1066,1603.859994223,78,19,0.020298115721728446,1.7823639774859286,1.5045590940178237,84.4136839064737
26,41,4868639,1113,1591.76999453,75,23,0.0228605982082467,2.0664869721473496,1.4301617201527403,69.20739106652174
27,60,16352527,3409,5176.1699922,240,54,0.020846930874965072,1.58404224112643,1.5183836879436785,95.85499985555555
28,51,10959830,2025,3205.850003548,146,42,0.01847656396130232,2.074074074074074,1.5831358042212347,76.3297619892381
29,77,18768653,3315,5045.190008213,306,132,0.01766242894468772,3.9819004524886874,1.521927604287481,38.22113642585606
30,25,2190783,389,616.630002616,43,12,0.017756208624952814,3.0848329048843186,1.5851671018406168,51.38583355133333
31,25,1075312,195,299.099999057,33,16,0.018134271727647415,8.205128205128204,1.5338461490102564,18.6937499410625
32,33,6455261,1138,1970.530003032,76,35,0.01762903157595022,3.0755711775043935,1.7315729376379614,56.300857229485715
36,21,922928,128,205.73999954500002,28,10,0.013868904183208223,7.8125,1.6073437464453126,20.573999954500003
63,46,8365640,1675,2484.06000232,101,34,0.0200223772478854,2.029850746268657,1.4830208969074627,73.06058830352941
64,48,5085460,989,1486.129995663,84,27,0.019447601593562822,2.730030333670374,1.5026592473842266,55.04185169122223
65,19,1737547,372,542.010000733,33,19,0.021409492807964333,5.10752688172043,1.4570161310026881,28.526842143842103
66,11,893407,138,230.760000349,14,4,0.01544648743517792,2.898550724637681,1.6721739155724638,57.69000008725
7,24,2612839,410,648.929998696,59,19,0.015691743731626785,4.634146341463414,1.5827560943804877,34.15421045768421
