test group,most ads hour,Users,Total_Ads,Conversions,Conversion Rate %,Average Ads per User
ad,0,5309,120682,102,1.9212657750988886,22.731587869655304
ad,1,4615,116307,62,1.3434452871072589,25.201950162513544
ad,2,5152,127282,39,0.7569875776397516,24.705357142857142
ad,3,2590,57776,27,1.0424710424710426,22.307335907335908
ad,4,694,23380,11,1.585014409221902,33.68876080691643
ad,5,742,32645,16,2.15633423180593,43.995956873315365
ad,6,1985,83487,46,2.3173803526448364,42.05894206549118
ad,7,6168,192539,114,1.8482490272373542,31.215791180285343
ad,8,16968,407747,337,1.9860914662894862,24.030351249410657
ad,9,29802,700615,582,1.9528890678477955,23.508992685054693
ad,10,37454,944888,818,2.18401238852993,25.227959630480054
ad,11,44149,1102657,992,2.2469365104532377,24.97580919160117
ad,12,45238,1183507,1092,2.4138998187364606,26.16178876166055
ad,13,45485,1164947,1140,2.5063207650873913,25.61167417830054
ad,14,43779,1064130,1251,2.8575344343178233,24.306859453162474
ad,15,42855,1081442,1279,2.9844825574612064,25.23490841208727
ad,16,35963,804324,1111,3.089286210827795,22.365319912131913
ad,17,33605,817456,959,2.8537420026781732,24.325427763725635
ad,18,31052,792464,853,2.747005023830993,25.520546180600284
ad,19,29169,742621,782,2.6809283828722275,25.459254688196374
ad,20,27846,734643,843,3.0273647920706743,26.38235294117647
ad,21,28895,738810,843,2.917459768125973,25.56878352656169
ad,22,25515,585350,675,2.6455026455026456,22.94140701548109
ad,23,19547,395002,449,2.297027676881363,20.20780682457666
psa,0,227,5422,0,0.0,23.88546255506608
psa,1,187,4607,0,0.0,24.636363636363637
psa,2,181,4817,0,0.0,26.613259668508288
psa,3,89,3120,1,1.1235955056179776,35.056179775280896
psa,4,28,744,0,0.0,26.571428571428573
psa,5,23,746,0,0.0,32.43478260869565
psa,6,83,3045,0,0.0,36.68674698795181
psa,7,237,7396,2,0.8438818565400843,31.206751054852322
psa,8,659,16000,7,1.062215477996965,24.279210925644918
psa,9,1202,27571,13,1.0815307820299502,22.937603993344425
psa,10,1485,38389,20,1.3468013468013467,25.851178451178452
psa,11,2061,48089,30,1.455604075691412,23.33284813197477
psa,12,2060,51749,35,1.6990291262135921,25.120873786407767
psa,13,2170,54728,36,1.6589861751152075,25.220276497695853
psa,14,1869,44456,30,1.6051364365971106,23.78598180845372
psa,15,1828,51690,46,2.516411378555799,28.27680525164114
psa,16,1604,35993,45,2.8054862842892767,22.439526184538654
psa,17,1383,31031,28,2.0245842371655822,22.437454808387564
psa,18,1271,32503,32,2.5177025963808024,25.572777340676634
psa,19,1183,32034,29,2.4513947590870666,27.07861369399831
psa,20,1077,28373,19,1.7641597028783658,26.34447539461467
psa,21,1081,27249,24,2.2201665124884364,25.20721554116559
psa,22,917,20424,15,1.6357688113413305,22.272628135223556
psa,23,619,12305,8,1.2924071082390953,19.878836833602584
