test group,most ads day,Users,Total_Ads,Conversions,Conversion Rate %,Average Ads per User
ad,Friday,88805,2369546,1995,2.246495129778729,26.682574179381792
ad,Monday,83571,2121848,2778,3.3241196108697997,25.389764391954145
ad,Saturday,78802,1980043,1679,2.130656582320246,25.126811502246134
ad,Sunday,82332,2006360,2027,2.4619831900111744,24.369139581207794
ad,Thursday,79077,1839933,1711,2.1637138485273844,23.267612580143403
ad,Tuesday,74572,1792031,2270,3.044037976720485,24.030882905111838
ad,Wednesday,77418,1904940,1963,2.5355860394223564,24.60590560334806
psa,Friday,3803,94950,62,1.630291874835656,24.967131212200893
psa,Monday,3502,83582,79,2.2558537978298117,23.866933181039407
psa,Saturday,2858,80048,40,1.3995801259622114,28.00839748075577
psa,Sunday,3059,77493,63,2.059496567505721,25.33278849297156
psa,Thursday,3905,104240,79,2.0230473751600515,26.693982074263765
psa,Tuesday,2907,61690,42,1.4447884416924663,21.221190230478157
psa,Wednesday,3490,80478,55,1.5759312320916905,23.059598853868195
